<?xml version="1.0" encoding="UTF-8"?>
<!DOCTYPE hibernate-configuration PUBLIC
		"-//Hibernate/Hibernate Configuration DTD 3.0//EN"
		"http://www.hibernate.org/dtd/hibernate-configuration-3.0.dtd">
<hibernate-configuration>
   <!--  <session-factory name="Account">
    </session-factory>
     -->
    
    
     <session-factory>
        <property name="hibernate.dialect">org.hibernate.dialect.PostgreSQLDialect</property>
           <property name="hibernate.connection.password">Pradeep2002</property>
        <property name="hibernate.connection.url">jdbc:postgresql://localhost/bankmanagementsystem</property>
        <property name="hibernate.connection.username">pradeepsahu</property>
        <property name="hibernate.dialect">org.hibernate.dialect.PostgreSQLDialect</property>
        <property name="hbm2ddl.auto">update</property>
        <property name="show_sql">true</property>
        
        <property name="hibernate.cache.use_second_level_cache">true</property>
        <property name="hibernate.cache.region.factory_class">org.hibernate.cache.ehcache.EhCacheRegionFactory</property>
   
   
   <property name="hibernate.cache.use_query_cache">true</property>
   
    </session-factory>
</hibernate-configuration>

